,mortality_risk_score,pregnancy_losses,child_deaths,high_risk_pregnancy
count,31893.0,31893.0,31893.0,31893.0
mean,0.52949863606434,0.6298560812717524,0.29533126391371145,0.39413037343617724
std,0.7506385024726712,1.033058409599237,0.6648546422030137,0.48867075795444403
min,0.0,0.0,0.0,0.0
25%,0.0,0.0,0.0,0.0
50%,0.3,0.0,0.0,0.0
75%,0.7,1.0,0.0,1.0
max,7.699999999999999,11.0,6.0,1.0
